{
    "utterances": [
        {
            "text": "What's that thing",
            "entities": [],
            "traits": [],
            "intent": "describe_object"
        },
        {
            "text": "describe what is here",
            "entities": [],
            "traits": [],
            "intent": "Describe_surroundings"
        },
        {
            "text": "describe what's in front of me",
            "entities": [],
            "traits": [],
            "intent": "Describe_surroundings"
        },
        {
            "text": "tell me about that",
            "entities": [],
            "traits": [],
            "intent": "describe_object"
        },
        {
            "text": "what am I looking at",
            "entities": [],
            "traits": [],
            "intent": "describe_object"
        },
        {
            "text": "what is in front of me",
            "entities": [],
            "traits": [],
            "intent": "Describe_surroundings"
        },
        {
            "text": "what is that",
            "entities": [],
            "traits": [],
            "intent": "describe_object"
        },
        {
            "text": "what's around me",
            "entities": [],
            "traits": [],
            "intent": "Describe_surroundings"
        },
        {
            "text": "what's that",
            "entities": [],
            "traits": [],
            "intent": "describe_object"
        }
    ]
}
