{
    "utterances": [
        {
            "text": "describe what is here",
            "entities": [],
            "traits": [],
            "intent": "Describe_surroundings"
        },
        {
            "text": "describe what's in front of me",
            "entities": [],
            "traits": [],
            "intent": "Describe_surroundings"
        },
        {
            "text": "what is in front of me",
            "entities": [],
            "traits": [],
            "intent": "Describe_surroundings"
        },
        {
            "text": "what's around me",
            "entities": [],
            "traits": [],
            "intent": "Describe_surroundings"
        }
    ]
}
